MunicipCode,pan.vote.09,marginality.06,PAN.governor.06,PAN.visits.06,competitive.district
1001,0.283,-1.831,0,5,1
1002,0.352,-0.62,0,0,1
1003,0.359,-0.875,0,0,1
1004,0.238,-0.747,0,0,1
1005,0.378,-1.234,0,0,1
1006,0.145,-1.306,0,0,1
1007,0.263,-1.136,0,0,1
1008,0.314,-0.81,0,0,1
1009,0.306,-0.722,0,0,1
1010,0.308,-0.641,0,0,1
1011,0.317,-1.153,0,0,1
2001,0.357,-1.609,1,1,1
2002,0.405,-1.898,1,1,0
2003,0.383,-1.626,1,0,1
2004,0.374,-1.926,1,3,1
2005,0.323,-1.546,1,0,1
3001,0.227,-1.245,1,0,1
3002,0.126,-1.2,1,0,1
3003,0.166,-1.775,1,0,1
3008,0.126,-1.515,1,0,1
3009,0.185,-1.337,1,0,1
4001,0.378,-0.248,0,0,1
4002,0.383,-1.305,0,0,1
4003,0.402,-1.063,0,1,0
4004,0.446,-0.231,0,0,0
4005,0.458,-0.273,0,0,0
4006,0.466,0.28,0,0,0
4007,0.2,0.121,0,0,1
4008,0.44,-0.047,0,0,0
4009,0.392,-0.241,0,0,1
4011,0.465,0.62,0,0,0
5001,0.231,-1.041,0,0,1
5002,0.159,-1.611,0,0,1
5003,0.199,-1.712,0,0,1
5004,0.095,-0.669,0,0,1
5005,0.187,-0.538,0,0,1
5006,0.183,-1.466,0,0,1
5007,0.19,-0.931,0,0,1
5008,0.197,-0.693,0,0,1
5009,0.131,-1.083,0,0,1
5010,0.209,-1.612,0,0,1
5011,0.223,-0.377,0,0,1
5012,0.239,-0.694,0,0,1
5013,0.083,-0.746,0,0,1
5014,0.161,-0.691,0,0,1
5015,0.186,-0.733,0,0,1
5016,0.405,-1.054,0,0,0
5017,0.194,-1.076,0,0,1
5018,0.258,-1.882,0,0,1
5019,0.198,-1.567,0,0,1
5020,0.244,-1.43,0,0,1
5021,0.113,-1.001,0,0,1
5022,0.274,-1.5,0,0,1
5023,0.12,-0.659,0,0,1
5024,0.291,-1.115,0,0,1
5025,0.233,-1.859,0,0,1
5026,0.14,-0.698,0,0,1
5027,0.195,-1.67,0,0,1
5028,0.211,-1.694,0,0,1
5029,0.162,-1.081,0,0,1
5030,0.163,-1.921,0,1,1
5031,0.142,-1.682,0,0,1
5032,0.192,-1.7,0,0,1
5033,0.132,-0.935,0,0,1
5034,0.289,-1.061,0,0,1
5035,0.259,-1.893,0,1,1
5036,0.135,-0.537,0,0,1
5037,0.293,-1.313,0,0,1
5038,0.325,-1.319,0,0,1
6001,0.527,-0.688,0,0,0
6002,0.407,-1.724,0,2,0
6003,0.432,-0.803,0,0,0
6004,0.466,-0.838,0,0,0
6005,0.315,-1.245,0,0,1
6006,0.365,-0.338,0,0,1
6007,0.399,-1.513,0,1,1
6008,0.312,-0.641,0,0,1
6009,0.481,-0.804,0,1,0
6010,0.412,-1.875,0,0,0
7001,0.381,0.491,0,0,1
7002,0.464,0.364,0,0,0
7003,0.531,0.68,0,0,0
7004,0.313,0.992,0,0,1
7005,0.561,1.754,0,0,0
7006,0.188,0.731,0,0,1
7007,0.012,2.012,0,0,1
7008,0.18,0.876,0,0,1
7009,0.605,-0.292,0,0,0
7010,0.286,1.288,0,0,1
7011,0.106,0.77,0,0,1
7012,0.487,0.177,0,0,0
7013,0.35,0.478,0,0,1
7014,0.278,1.074,0,0,1
7015,0.465,0.098,0,0,0
7016,0.131,0.502,0,0,1
7017,0.083,0.155,0,0,1
7018,0.49,0.921,0,0,0
7019,0.14,-0.416,0,0,1
7020,0.033,1.091,0,1,1
7021,0.565,0.451,0,0,0
7022,0.051,2.354,0,0,1
7023,0.052,1.882,0,0,1
7024,0.07,1.696,0,0,1
7025,0.401,0.824,0,0,0
7026,0.106,1.79,0,0,1
7027,0.429,-0.007,0,1,0
7028,0.597,0.79,0,0,0
7029,0.545,0.061,0,0,0
7030,0.078,1.051,0,0,1
7031,0.03,2.153,0,0,1
7032,0.324,0.602,0,0,1
7033,0.292,1.598,0,0,1
7034,0.151,0.137,0,0,1
7035,0.49,0.516,0,0,0
7036,0.296,0.924,0,0,1
7037,0.356,0.584,0,0,1
7038,0.259,1.578,0,0,1
7040,0.547,-0.151,0,0,0
7041,0.082,0.645,0,0,1
7042,0.18,0.873,0,0,1
7044,0.461,0.501,0,0,0
7046,0.05,0.266,0,0,1
7047,0.154,0.954,0,0,1
7049,0.177,1.664,0,0,1
7050,0.234,0.497,0,0,1
7051,0.5,0.233,0,0,0
7052,0.121,1.134,0,0,1
7053,0.286,0.697,0,0,1
7054,0.303,0.634,0,0,1
7055,0.589,0.13,0,0,0
7056,0.338,2.048,0,0,1
7057,0.341,0.583,0,0,1
7058,0.076,1.296,0,0,1
7059,0.382,1.457,0,0,1
7060,0.117,1.619,0,0,1
7062,0.705,1.136,0,0,0
7063,0.465,0.062,0,0,0
7064,0.038,1.788,0,0,1
7065,0.078,0.604,0,0,1
7066,0.045,2.262,0,0,1
7067,0.119,1.373,0,0,1
7068,0.528,0.257,0,0,0
7069,0.532,0.495,0,0,0
7070,0.258,1.185,0,0,1
7071,0.374,0.772,0,0,1
7072,0.384,1.185,0,0,1
7073,0.407,0.722,0,0,0
7074,0.484,-0.776,0,0,0
7075,0.31,1.081,0,0,1
7076,0.046,1.52,0,0,1
7077,0.038,1.693,0,0,1
7078,0.163,-0.62,0,1,1
7079,0.498,0.287,0,0,0
7080,0.231,1.298,0,0,1
7081,0.192,1.353,0,0,1
7082,0.03,3.355,0,0,1
7083,0.122,1.02,0,0,1
7084,0.588,0.915,0,0,0
7085,0.334,0.554,0,0,1
7086,0.572,-0.01,0,0,0
7087,0.329,0.461,0,0,1
7088,0.56,1.054,0,0,0
7089,0.382,-0.437,0,0,1
7090,0.22,0.748,0,0,1
7091,0.418,0.28,0,0,0
7092,0.631,0.815,0,0,0
7093,0.157,1.38,0,0,1
7094,0.154,1.105,0,0,1
7096,0.666,1.423,0,0,0
7097,0.527,-0.075,0,0,0
7098,0.176,1.251,0,0,1
7099,0.185,0.505,0,0,1
7100,0.031,1.824,0,0,1
7101,0.363,-1.26,0,3,1
7102,0.389,0.427,0,0,1
7103,0.514,0.711,0,0,0
7104,0.103,0.641,0,0,1
7105,0.425,0.311,0,0,0
7106,0.403,0.737,0,0,0
7107,0.077,0.677,0,0,1
7108,0.082,0.149,0,0,1
7109,0.031,0.922,0,0,1
7110,0.203,1.257,0,0,1
7111,0.15,1.807,0,0,1
7112,0.122,1.975,0,0,1
8001,0.28,-1.426,0,0,1
8002,0.308,-1.607,0,0,1
8003,0.193,-1.191,0,0,1
8004,0.217,-1.119,0,0,1
8005,0.295,-1.271,0,0,1
8006,0.258,-1.026,0,0,1
8007,0.16,1.635,0,0,1
8008,0.349,3.029,0,0,1
8009,0.194,0.316,0,0,1
8010,0.301,-1.3,0,0,1
8011,0.452,-1.636,0,1,0
8012,0.139,1.954,0,0,1
8013,0.204,-0.883,0,0,1
8014,0.312,-0.917,0,0,1
8015,0.467,-0.921,0,0,0
8016,0.447,-1.201,0,0,0
8017,0.26,-1.758,0,0,1
8018,0.273,-0.928,0,0,1
8019,0.307,-2.126,0,1,1
8020,0.341,0.998,0,0,1
8021,0.372,-1.829,0,0,1
8022,0.356,-0.932,0,0,1
8023,0.115,-1.153,0,0,1
8024,0.43,-1.243,0,0,0
8025,0.4,-1.156,0,0,0
8026,0.272,-0.9,0,0,1
8027,0.232,1.923,0,0,1
8028,0.266,-0.977,0,0,1
8029,0.148,1.927,0,0,1
8030,0.291,1.436,0,0,1
8031,0.254,-0.828,0,0,1
8032,0.232,-1.823,0,1,1
8033,0.125,-0.287,0,0,1
8034,0.072,-1.075,0,0,1
8035,0.239,-1.003,0,0,1
8036,0.346,-1.461,0,0,1
8037,0.231,-1.788,0,2,1
8038,0.415,-1.055,0,0,0
8039,0.28,-1.063,0,0,1
8040,0.414,-1.045,0,0,0
8041,0.178,1.501,0,0,1
8042,0.292,-0.709,0,0,1
8043,0.442,-0.958,0,0,0
8044,0.262,-0.984,0,0,1
8045,0.361,-1.559,0,0,1
8046,0.295,2.014,0,0,1
8047,0.209,0.267,0,0,1
8048,0.392,-1.159,0,0,1
8049,0.235,0.643,0,0,1
8050,0.238,-1.767,0,0,1
8051,0.391,0.241,0,0,1
8052,0.315,-1.597,0,0,1
8053,0.285,-0.937,0,0,1
8054,0.287,-1.146,0,0,1
8055,0.352,-1.195,0,0,1
8056,0.104,-0.418,0,0,1
8057,0.437,-0.587,0,0,0
8058,0.319,-1.12,0,0,1
8059,0.292,-1.271,0,0,1
8060,0.306,-1.741,0,0,1
8061,0.407,-0.631,0,0,0
8062,0.428,-1.434,0,0,0
8063,0.382,0.006,0,0,1
8064,0.165,-0.284,0,0,1
8065,0.26,1.934,0,0,1
8066,0.311,1.663,0,0,1
8067,0.248,-0.826,0,0,1
9000,0.203,-1.505,0,35,1
10001,0.256,-0.821,0,0,1
10002,0.361,1.23,0,0,1
10003,0.082,-0.112,0,0,1
10004,0.311,-0.648,0,0,1
10005,0.252,-1.591,0,2,1
10006,0.356,-0.101,0,0,1
10007,0.187,-1.557,0,0,1
10008,0.295,-1.028,0,0,1
10009,0.317,0.501,0,0,1
10010,0.273,-0.514,0,0,1
10011,0.407,-0.473,0,0,0
10012,0.25,-1.279,0,0,1
10013,0.208,-0.638,0,0,1
10014,0.241,2.483,0,0,1
10015,0.27,-0.445,0,0,1
10016,0.273,-0.449,0,0,1
10017,0.238,-0.689,0,0,1
10018,0.323,-0.961,0,0,1
10019,0.259,0.901,0,0,1
10020,0.209,-0.641,0,0,1
10021,0.323,-0.233,0,0,1
10022,0.218,-0.767,0,0,1
10023,0.278,-0.018,0,0,1
10024,0.303,-0.659,0,0,1
10025,0.258,-0.024,0,0,1
10026,0.256,0.255,0,0,1
10027,0.329,0.309,0,0,1
10028,0.232,-0.422,0,0,1
10029,0.332,-0.448,0,0,1
10030,0.315,-0.441,0,0,1
10031,0.386,-0.35,0,0,1
10032,0.326,-0.816,0,0,1
10033,0.224,-0.079,0,0,1
10034,0.083,1.469,0,0,1
10035,0.401,0.095,0,0,0
10036,0.173,-0.889,0,0,1
10037,0.274,1.404,0,0,1
10038,0.3,-1.112,0,0,1
10039,0.26,-0.717,0,0,1
11001,0.446,-0.267,1,0,0
11002,0.323,-0.835,1,0,1
11003,0.355,-0.404,1,1,1
11004,0.229,-0.447,1,0,1
11005,0.415,-0.568,1,0,0
11006,0.382,0.92,1,0,1
11007,0.414,-1.461,1,2,0
11008,0.449,-0.285,1,0,0
11009,0.402,-0.13,1,0,0
11010,0.396,-0.113,1,0,1
11011,0.448,-0.942,1,0,0
11012,0.499,-0.295,1,0,0
11013,0.214,0.178,1,0,1
11014,0.435,-0.221,1,0,0
11015,0.372,-1.272,1,0,1
11016,0.362,-0.363,1,0,1
11017,0.463,-1.252,1,0,0
11018,0.459,-0.807,1,0,0
11019,0.397,0.254,1,0,1
11020,0.448,-1.502,1,4,0
11021,0.232,-1.386,1,2,1
11022,0.418,0.008,1,0,0
11023,0.664,-0.325,1,0,0
11024,0.405,-0.329,1,0,0
11025,0.539,-0.897,1,0,0
11026,0.345,-0.246,1,0,1
11027,0.512,-1.214,1,2,0
11028,0.383,-0.734,1,0,1
11029,0.305,0.324,1,0,1
11030,0.491,0.203,1,0,0
11031,0.543,-1.085,1,0,0
11032,0.373,-0.58,1,0,1
11033,0.37,-0.155,1,0,1
11034,0.355,0.784,1,0,1
11035,0.33,-0.332,1,0,1
11036,0.23,-0.391,1,0,1
11037,0.508,-0.665,1,1,0
11038,0.473,-0.671,1,0,0
11039,0.499,-0.39,1,0,0
11040,0.235,0.712,1,0,1
11041,0.304,-1.176,1,0,1
11042,0.323,-0.575,1,1,1
11043,0.509,0.586,1,0,0
11044,0.312,-0.936,1,0,1
11045,0.39,0.987,1,0,1
11046,0.306,-0.444,1,1,1
12001,0.111,-0.864,0,3,1
12002,0.063,2.123,0,0,1
12003,0.136,1.419,0,0,1
12004,0.006,2.427,0,0,1
12005,0.009,0.211,0,0,1
12006,0.155,0.293,0,0,1
12007,0.049,0.08,0,0,1
12008,0.183,1.01,0,0,1
12009,0.061,2.009,0,0,1
12010,0.293,2.596,0,0,1
12011,0.024,0.278,0,0,1
12012,0.077,1.539,0,0,1
12013,0.216,1.091,0,0,1
12014,0.031,-0.282,0,0,1
12015,0.162,-0.548,0,0,1
12016,0.044,2.405,0,0,1
12017,0.065,0.272,0,0,1
12018,0.092,0.408,0,0,1
12019,0.076,2.158,0,0,1
12020,0.03,2.503,0,0,1
12021,0.093,0.445,0,0,1
12022,0.183,1.035,0,0,1
12023,0.23,0.642,0,0,1
12024,0.038,1.107,0,0,1
12025,0.055,1.269,0,0,1
12026,0.035,1.102,0,0,1
12027,0.161,0.677,0,0,1
12028,0.038,1.532,0,0,1
12029,0.064,-0.914,0,1,1
12030,0.111,0.522,0,0,1
12031,0.094,1.191,0,0,1
12032,0.211,2.035,0,0,1
12033,0.153,0.1,0,0,1
12034,0.081,0.114,0,0,1
12035,0.085,-0.985,0,1,1
12036,0.079,1.345,0,0,1
12037,0.078,0.484,0,0,1
12038,0.047,-0.962,0,0,1
12039,0.361,0.256,0,0,1
12040,0.238,0.732,0,0,1
12041,0.02,2.134,0,0,1
12042,0.052,1.611,0,0,1
12043,0.006,3.089,0,0,1
12044,0.034,0.603,0,0,1
12045,0.044,1.67,0,0,1
12047,0.053,2.336,0,0,1
12048,0.076,-0.009,0,0,1
12049,0.049,0.168,0,0,1
12050,0.214,-0.665,0,0,1
12051,0.195,1.529,0,0,1
12052,0.038,1.972,0,0,1
12053,0.111,1.066,0,0,1
12054,0.211,2.185,0,0,1
12055,0.161,-0.46,0,0,1
12056,0.272,1.013,0,0,1
12057,0.091,0.058,0,0,1
12058,0.026,0.415,0,0,1
12059,0.029,0.494,0,0,1
12060,0.152,0.826,0,0,1
12061,0.12,-0.004,0,0,1
12062,0.06,2.68,0,0,1
12063,0.064,2.428,0,0,1
12064,0.007,0.63,0,0,1
12065,0.347,0.9,0,0,1
12066,0.011,0.514,0,0,1
12067,0.038,0.222,0,0,1
12068,0.012,0.554,0,0,1
12069,0.029,2.403,0,0,1
12070,0.145,0.749,0,0,1
12071,0.221,2.456,0,0,1
12072,0.027,2.318,0,0,1
12073,0.217,1.503,0,0,1
12074,0.095,1.867,0,0,1
12075,0.059,0.231,0,0,1
12076,0.033,3.109,0,0,1
13001,0.249,0.164,0,0,1
13002,0.187,0.834,0,0,1
13003,0.076,-0.962,0,0,1
13004,0.192,0.572,0,0,1
13005,0.094,-0.687,0,0,1
13006,0.158,0.112,0,0,1
13007,0.312,-0.209,0,0,1
13008,0.274,-0.978,0,0,1
13009,0.091,-0.289,0,0,1
13010,0.179,-1.288,0,0,1
13011,0.04,0.72,0,0,1
13012,0.127,-0.158,0,0,1
13013,0.092,-1.062,0,0,1
13014,0.135,0.522,0,0,1
13015,0.073,0.008,0,0,1
13016,0.196,-0.294,0,0,1
13017,0.046,0.047,0,0,1
13018,0.041,0.635,0,0,1
13019,0.068,-0.297,0,0,1
13020,0.005,0.018,0,0,1
13021,0.155,-1.193,0,0,1
13022,0.262,-0.536,0,0,1
13023,0.04,-0.883,0,0,1
13024,0.186,-0.016,0,0,1
13025,0.025,0.667,0,0,1
13026,0.018,0.845,0,0,1
13027,0.143,1.678,0,0,1
13028,0.097,0.258,0,1,1
13029,0.186,-0.566,0,0,1
13030,0.136,-0.735,0,0,1
13031,0.075,0.141,0,0,1
13032,0.069,0.377,0,0,1
13033,0.006,-0.014,0,0,1
13034,0.066,0.525,0,0,1
13035,0.147,-0.252,0,0,1
13036,0.073,-0.108,0,0,1
13037,0.026,0.375,0,0,1
13038,0.082,0.338,0,0,1
13039,0.14,-1.103,0,0,1
13040,0.041,0.999,0,0,1
13041,0.123,-1.026,0,0,1
13042,0.043,0.152,0,0,1
13043,0.139,0.535,0,0,1
13044,0.138,-0.023,0,0,1
13045,0.234,-0.186,0,0,1
13046,0.167,0.588,0,0,1
13047,0.266,1.062,0,0,1
13048,0.485,-1.79,0,1,0
13049,0.336,0.942,0,0,1
13050,0.16,-1.24,0,0,1
13051,0.231,-1.711,0,0,1
13052,0.114,-0.555,0,0,1
13053,0.065,1.85,0,0,1
13054,0.064,-0.574,0,0,1
13055,0.079,-0.25,0,0,1
13056,0.207,-0.938,0,0,1
13057,0.187,-0.104,0,0,1
13058,0.067,-0.241,0,0,1
13059,0.177,0.07,0,0,1
13060,0.078,0.709,0,0,1
13061,0.13,-1.522,0,0,1
13062,0.151,1.48,0,0,1
13063,0.214,-1.074,0,0,1
13064,0.225,-0.55,0,0,1
13065,0.031,-1.11,0,0,1
13066,0.156,-0.877,0,0,1
13067,0.192,-0.536,0,0,1
13068,0.176,1.177,0,0,1
13069,0.144,-1.351,0,0,1
13070,0.1,-0.907,0,0,1
13071,0.04,0.891,0,0,1
13072,0.101,-1.462,0,0,1
13073,0.193,0.785,0,0,1
13074,0.152,-1.068,0,0,1
13075,0.184,-0.937,0,0,1
13076,0.219,-1.38,0,0,1
13077,0.174,-1.217,0,1,1
13078,0.173,1.475,0,0,1
13079,0.049,0.204,0,0,1
13080,0.121,1.323,0,0,1
13081,0.085,-0.644,0,0,1
13082,0.157,-1.112,0,0,1
13083,0.13,-0.775,0,0,1
13084,0.039,-0.293,0,0,1
14001,0.331,-0.734,1,0,1
14002,0.224,-1.454,1,0,1
14003,0.299,-1.304,1,0,1
14004,0.297,-0.592,1,0,1
14005,0.199,-1.097,1,0,1
14006,0.343,-1.265,1,0,1
14007,0.28,-0.797,1,0,1
14008,0.435,-0.954,1,0,0
14009,0.334,-1.26,1,0,1
14010,0.25,-0.241,1,0,1
14011,0.422,-0.287,1,0,0
14012,0.448,-0.767,1,0,0
14013,0.448,-0.959,1,0,0
14014,0.495,-0.278,1,0,0
14015,0.368,-1.402,1,0,1
14016,0.544,-0.595,1,0,0
14017,0.715,-0.837,1,0,0
14018,0.393,-1.043,1,0,1
14019,0.471,1.378,1,0,0
14020,0.446,0.162,1,0,0
14021,0.32,-1.031,1,0,1
14022,0.572,-1.118,1,0,0
14024,0.363,-1.059,1,0,1
14025,0.472,-1.172,1,0,0
14026,0.425,-0.67,1,0,0
14027,0.52,0.803,1,0,0
14028,0.594,-0.485,1,0,0
14029,0.138,0.048,1,0,1
14030,0.384,-1.441,1,0,1
14031,0.488,0.992,1,0,0
14032,0.224,-0.268,1,0,1
14033,0.379,-0.746,1,0,1
14034,0.484,-0.632,1,0,0
14035,0.385,-0.746,1,0,1
14036,0.328,-1.276,1,0,1
14037,0.353,-1.222,1,0,1
14038,0.332,-0.185,1,0,1
14039,0.33,-1.976,1,3,1
14040,0.321,-0.149,1,0,1
14041,0.36,-0.678,1,0,1
14042,0.478,-0.107,1,0,0
14043,0.407,-0.755,1,0,0
14044,0.276,-1.218,1,0,1
14045,0.27,-0.367,1,0,1
14046,0.35,-1.031,1,0,1
14047,0.326,-1.117,1,0,1
14048,0.547,-0.488,1,0,0
14049,0.332,0.399,1,0,1
14050,0.31,-0.993,1,0,1
14051,0.296,-1.39,1,0,1
14052,0.464,-0.609,1,0,0
14053,0.321,-0.964,1,0,1
14054,0.414,-0.834,1,0,0
14055,0.419,-1.138,1,0,0
14056,0.445,0.861,1,0,0
14057,0.418,-0.823,1,0,0
14058,0.397,-1.025,1,0,1
14059,0.209,-1.015,1,0,1
14060,0.426,-0.541,1,0,0
14061,0.461,2.612,1,0,0
14062,0.503,-0.423,1,0,0
14063,0.248,-1.438,1,0,1
14064,0.472,-0.325,1,0,0
14065,0.447,-0.522,1,0,0
14066,0.225,-0.762,1,0,1
14067,0.396,-1.724,1,1,1
14068,0.456,0.013,1,0,0
14069,0.365,0.017,1,0,1
14071,0.366,-0.037,1,0,1
14072,0.5,-0.5,1,0,0
14073,0.294,-1.026,1,0,1
14074,0.515,-1.324,1,0,0
14075,0.319,-0.738,1,0,1
14076,0.307,-0.191,1,0,1
14077,0.295,-1.024,1,0,1
14078,0.38,-1.086,1,0,1
14079,0.275,-0.659,1,0,1
14080,0.173,-0.102,1,0,1
14081,0.495,-0.289,1,0,0
14082,0.301,-1.296,1,0,1
14083,0.261,-1.219,1,0,1
14084,0.394,-0.532,1,0,1
14085,0.446,-0.949,1,0,0
14086,0.258,-0.226,1,0,1
14087,0.445,-0.625,1,0,0
14088,0.4,-0.974,1,0,0
14089,0.285,-0.65,1,0,1
14090,0.463,-0.715,1,0,0
14091,0.465,-0.741,1,0,0
14092,0.557,-0.483,1,0,0
14093,0.408,-1.338,1,0,0
14094,0.415,-0.954,1,0,0
14095,0.21,-0.941,1,0,1
14096,0.478,-0.879,1,0,0
14097,0.291,-1.39,1,0,1
14098,0.364,-1.592,1,0,1
14099,0.463,-0.003,1,0,0
14100,0.248,-0.301,1,0,1
14101,0.3,-1.44,1,0,1
14102,0.567,-0.667,1,0,0
14103,0.283,-0.79,1,0,1
14104,0.423,-0.533,1,0,0
14105,0.389,-0.81,1,0,1
14106,0.339,-0.175,1,0,1
14107,0.312,-0.717,1,0,1
14108,0.326,-1.097,1,0,1
14109,0.447,-0.467,1,0,0
14110,0.448,-1.179,1,0,0
14111,0.582,-0.851,1,0,0
14112,0.46,-0.738,1,0,0
14113,0.232,-0.418,1,0,1
14114,0.277,-1.037,1,0,1
14115,0.467,0.145,1,0,0
14116,0.308,-1.057,1,0,1
14117,0.397,-0.489,1,0,1
14118,0.623,-0.845,1,0,0
14119,0.328,-0.893,1,0,1
14120,0.361,-1.882,1,0,1
14121,0.353,-1.229,1,0,1
14122,0.447,0.272,1,0,0
14123,0.396,-0.431,1,0,1
14124,0.435,-0.919,1,0,0
15001,0.352,0.248,0,0,1
15002,0.086,-1.391,0,0,1
15003,0.166,0.121,0,0,1
15004,0.54,0.096,0,0,0
15005,0.124,-0.12,0,0,1
15006,0.187,-1.288,0,0,1
15007,0.076,0.35,0,0,1
15008,0.024,0.482,0,0,1
15009,0.097,-1.171,0,1,1
15010,0.407,-1.188,0,0,0
15011,0.068,-1.024,0,0,1
15012,0.258,-1.111,0,1,1
15013,0.346,-1.791,0,0,1
15014,0.264,-0.74,0,0,1
15015,0.143,-0.652,0,0,1
15016,0.31,-0.644,0,0,1
15017,0.148,-0.773,0,0,1
15018,0.297,-1.011,0,0,1
15019,0.172,-1.325,0,0,1
15020,0.172,-2.098,0,1,1
15021,0.356,-0.051,0,0,1
15022,0.23,-1.335,0,0,1
15023,0.219,-1.309,0,0,1
15024,0.236,-1.881,0,0,1
15025,0.066,-1.195,0,0,1
15026,0.362,-0.009,0,0,1
15027,0.181,-1.411,0,0,1
15028,0.078,-1.158,0,0,1
15029,0.052,-1.29,0,0,1
15030,0.151,-1.519,0,0,1
15031,0.077,-1.161,0,0,1
15032,0.049,0.701,0,0,1
15033,0.13,-1.606,0,0,1
15034,0.148,-0.372,0,0,1
15035,0.365,-1.452,0,0,1
15036,0.292,-0.826,0,0,1
15037,0.33,-1.622,0,0,1
15038,0.077,-0.552,0,0,1
15039,0.159,-1.59,0,0,1
15040,0.162,-0.566,0,0,1
15041,0.172,0.286,0,0,1
15042,0.258,-0.194,0,0,1
15043,0.172,-0.872,0,0,1
15044,0.203,-1.898,0,0,1
15045,0.14,-0.372,0,0,1
15046,0.177,-0.831,0,0,1
15047,0.083,-0.028,0,0,1
15048,0.338,-0.712,0,0,1
15049,0.123,-0.495,0,0,1
15050,0.11,-0.947,0,0,1
15051,0.183,-1.247,0,0,1
15052,0.285,-0.191,0,0,1
15053,0.2,-1.421,0,0,1
15054,0.268,-2,0,1,1
15055,0.207,-1.328,0,0,1
15056,0.066,0.48,0,0,1
15057,0.326,-1.688,0,5,1
15058,0.107,-1.721,0,1,1
15059,0.24,-1.064,0,0,1
15060,0.152,-1.426,0,0,1
15061,0.418,-0.746,0,0,0
15062,0.17,-1.317,0,0,1
15063,0.077,-0.082,0,0,1
15064,0.393,-0.26,0,0,1
15065,0.241,-0.765,0,0,1
15066,0.098,0.256,0,0,1
15067,0.116,-0.551,0,0,1
15068,0.126,-1.057,0,0,1
15069,0.229,-1.159,0,0,1
15070,0.065,-1.378,0,0,1
15071,0.153,-0.714,0,0,1
15072,0.152,-1.267,0,0,1
15073,0.217,-1.31,0,0,1
15074,0.358,0.603,0,0,1
15075,0.254,-1.067,0,1,1
15076,0.365,-1.323,0,0,1
15077,0.096,0.044,0,0,1
15078,0.104,-0.326,0,0,1
15079,0.492,-0.494,0,0,0
15080,0.448,0.787,0,1,0
15081,0.39,-1.676,0,1,1
15082,0.073,-0.101,0,0,1
15083,0.08,-1.172,0,0,1
15084,0.323,-0.882,0,0,1
15085,0.218,-0.091,0,0,1
15086,0.28,0.345,0,0,1
15087,0.182,0.061,0,0,1
15088,0.159,-0.82,0,0,1
15089,0.129,-1.08,0,0,1
15090,0.12,-0.901,0,0,1
15091,0.186,-1.455,0,1,1
15092,0.22,-1.25,0,0,1
15093,0.068,-1.005,0,0,1
15094,0.096,-0.877,0,0,1
15095,0.356,-1.478,0,0,1
15096,0.419,-1.321,0,0,0
15097,0.357,0.154,0,0,1
15098,0.184,-1.035,0,0,1
15099,0.066,-1.535,0,0,1
15100,0.081,-1.173,0,0,1
15101,0.267,-0.992,0,0,1
15102,0.371,-0.241,0,0,1
15103,0.127,-1.492,0,0,1
15104,0.349,-1.785,0,1,1
15105,0.01,0.59,0,0,1
15106,0.297,-1.641,0,3,1
15107,0.276,-0.891,0,0,1
15108,0.148,-1.642,0,0,1
15109,0.118,-1.759,0,1,1
15110,0.125,-0.807,0,1,1
15111,0.156,0.593,0,1,1
15112,0.231,-0.05,0,0,1
15113,0.229,-0.213,0,0,1
15114,0.297,0.839,0,0,1
15115,0.183,-1.044,0,0,1
15116,0.168,-0.396,0,0,1
15117,0.247,0.589,0,0,1
15118,0.336,-1.005,0,1,1
15119,0.327,0.465,0,0,1
15120,0.464,-1.301,0,0,0
15121,0.288,-1.981,0,2,1
15122,0.048,-1.238,0,1,1
15123,0.268,0.371,0,0,1
15124,0.261,0.955,0,0,1
15125,0.145,-1.311,0,0,1
16001,0.025,-0.062,0,0,1
16002,0.252,0.084,0,0,1
16003,0.091,-0.497,0,0,1
16004,0.195,-0.272,0,0,1
16005,0.015,-0.107,0,0,1
16006,0.369,-0.677,0,0,1
16007,0.02,0.198,0,0,1
16008,0.091,1.637,0,0,1
16009,0.515,-0.033,0,0,0
16010,0.091,0.293,0,0,1
16011,0.006,-0.546,0,0,1
16012,0.708,-0.257,0,0,0
16013,0.138,0.874,0,0,1
16014,0.139,-0.437,0,0,1
16015,0.23,0.172,0,0,1
16016,0.065,-0.108,0,0,1
16017,0.435,0.175,0,0,0
16018,0.041,-0.177,0,0,1
16019,0.266,-0.563,0,0,1
16020,0.401,-0.508,0,0,0
16021,0.062,0.573,0,0,1
16022,0.236,-0.175,0,1,1
16023,0.109,-0.645,0,0,1
16024,0.099,-0.266,0,0,1
16025,0.31,-0.036,0,1,1
16026,0.034,0.909,0,0,1
16027,0.032,0.205,0,0,1
16028,0.08,-0.577,0,0,1
16029,0.067,1.135,0,0,1
16030,0.05,-0.475,0,0,1
16031,0.299,0.332,0,0,1
16032,0.136,-0.121,0,0,1
16033,0.195,-0.253,0,0,1
16034,1.863,-0.42,0,1,0
16035,0.26,0.461,0,0,1
16036,0.08,-0.632,0,0,1
16037,0.013,-0.095,0,0,1
16038,0.054,0.17,0,0,1
16039,0.042,0.025,0,0,1
16040,0.161,-0.267,0,0,1
16041,0.041,-0.117,0,0,1
16042,0.186,-0.312,0,0,1
16043,0.162,-0.971,0,0,1
16044,0.084,-0.4,0,0,1
16045,0.381,-1.162,0,0,1
16046,0.109,-0.052,0,0,1
16047,0.101,0.122,0,0,1
16048,0.054,-0.246,0,0,1
16049,0.225,0.728,0,0,1
16050,1.803,-0.263,0,0,0
16051,0.174,-1.26,0,0,1
16052,1.614,-1.282,0,0,0
16053,5.589,-1.633,0,3,0
16054,0.209,-0.195,0,0,1
16055,0.006,-0.39,0,0,1
16056,0.122,0.384,0,0,1
16057,0.028,1.164,0,0,1
16058,0.188,-0.718,0,0,1
16059,0.006,0.284,0,0,1
16060,0.155,-0.383,0,0,1
16061,0.113,0.396,0,0,1
16062,0.509,-0.382,0,0,0
16063,0.074,-0.212,0,0,1
16064,0.291,0.047,0,0,1
16065,0.044,-0.239,0,0,1
16066,0.236,-0.75,0,0,1
16067,0.144,-0.182,0,0,1
16068,0.795,-0.819,0,0,0
16069,2.194,-1.317,0,1,0
16070,0.347,-1.097,0,0,1
16071,2.388,-0.512,0,1,0
16072,0.084,-0.505,0,0,1
16073,0.928,-0.38,0,0,0
16074,0.098,-0.449,0,0,1
16075,2.112,-0.709,0,0,0
16076,2.177,-1.139,0,0,0
16077,0.022,0.301,0,0,1
16078,0.192,-0.405,0,0,1
16079,0.253,-0.043,0,0,1
16080,0.273,0.116,0,0,1
16081,0.058,1.144,0,0,1
16082,1.371,-0.259,0,0,0
16083,0.385,0.104,0,0,1
16084,0.555,-0.168,0,0,0
16085,1.395,-0.508,0,0,0
16086,0.297,-0.69,0,0,1
16087,0.104,-0.585,0,0,1
16088,0.558,-0.635,0,0,0
16089,0.463,-0.467,0,0,0
16090,0.083,-0.382,0,0,1
16091,0.479,-0.575,0,0,0
16092,0.054,0.998,0,0,1
16093,0.224,0.204,0,0,1
16094,0.155,-0.216,0,0,1
16095,0.092,-0.653,0,0,1
16096,0.017,0.984,0,0,1
16097,0.151,0.97,0,0,1
16098,0.249,-0.243,0,0,1
16099,0.165,0.989,0,0,1
16100,0.167,-0.088,0,0,1
16101,0.071,1.587,0,0,1
16102,8.805,-1.173,0,1,0
16103,0.175,-0.692,0,0,1
16104,0.177,-0.246,0,0,1
16105,0.119,-0.757,0,0,1
16106,0.739,-0.829,0,0,0
16107,0.137,-1.17,0,0,1
16108,5.985,-1.162,0,2,0
16109,0.023,-0.405,0,0,1
16110,0.558,-0.423,0,0,0
16111,0.16,-0.109,0,0,1
16112,2.914,-0.493,0,1,0
16113,0.03,-0.471,0,0,1
17001,0.097,-0.73,1,0,1
17002,0.107,-0.804,1,0,1
17003,0.237,-0.346,1,0,1
17004,0.27,-0.743,1,1,1
17005,0.05,-0.403,1,0,1
17006,0.193,-1.425,1,2,1
17007,0.234,-1.869,1,1,1
17008,0.199,-1.324,1,0,1
17009,0.261,-0.995,1,0,1
17010,0.321,-0.43,1,0,1
17011,0.223,-1.712,1,1,1
17012,0.171,-1.24,1,0,1
17013,0.254,-0.6,1,0,1
17014,0.221,-0.725,1,0,1
17015,0.192,-0.524,1,0,1
17016,0.176,-0.375,1,0,1
17017,0.135,-0.817,1,0,1
17018,0.177,-1.204,1,1,1
17019,0.199,-0.426,1,0,1
17020,0.143,-1.049,1,0,1
17021,0.125,-0.686,1,0,1
17022,0.193,-0.532,1,0,1
17023,0.306,0.02,1,0,1
17024,0.172,-0.955,1,0,1
17025,0.143,-0.83,1,0,1
17026,0.226,-0.758,1,0,1
17027,0.067,-0.321,1,0,1
17028,0.219,-1.002,1,0,1
17029,0.172,-1.252,1,0,1
17030,0.226,-0.77,1,0,1
17031,0.142,-1.586,1,0,1
17032,0.156,-0.384,1,0,1
17033,0.25,-0.38,1,0,1
18001,0.11,-0.709,0,0,1
18002,0.471,-0.937,0,0,0
18003,0.498,-0.589,0,0,0
18004,0.491,-0.877,0,0,0
18005,0.018,1.293,0,0,1
18006,0.536,-1.223,0,0,0
18007,0.439,-0.333,0,0,0
18008,0.368,-1.345,0,0,1
18009,0.203,3.251,0,0,1
18010,0.141,-0.168,0,0,1
18011,0.258,-0.328,0,0,1
18012,0.398,-0.65,0,0,1
18013,0.552,-0.683,0,0,0
18014,0.392,-0.381,0,0,1
18015,0.086,-0.56,0,0,1
18016,0.097,-0.721,0,0,1
18017,0.056,-1.665,0,1,1
18018,0.276,-0.958,0,0,1
18019,0.583,1.522,0,0,0
18020,0.375,-1.268,0,0,1
19001,0.212,-1.161,0,0,1
19002,0.452,-1.095,0,0,0
19003,0.47,-0.941,0,0,0
19004,0.305,-1.536,0,0,1
19005,0.573,-1.253,0,0,0
19006,0.318,-1.94,0,0,1
19007,0.403,0.304,0,0,0
19008,0.425,-1.01,0,0,0
19009,0.337,-1.661,0,0,1
19010,0.24,-1.546,0,0,1
19011,0.389,-1.399,0,0,1
19012,0.31,-1.598,0,0,1
19013,0.245,-1.127,0,0,1
19014,0.499,0.053,0,0,0
19015,0.515,-0.733,0,0,0
19016,0.328,-0.677,0,0,1
19017,0.374,-0.268,0,0,1
19018,0.296,-1.232,0,0,1
19019,0.55,-2.27,0,0,0
19020,0.415,-0.951,0,0,0
19021,0.306,-1.756,0,0,1
19022,0.23,-0.923,0,0,1
19023,0.318,-0.924,0,0,1
19024,0.212,0.578,0,0,1
19025,0.28,-1.386,0,0,1
19026,0.342,-1.988,0,0,1
19027,0.137,-0.91,0,0,1
19028,0.242,-1.031,0,0,1
19029,0.394,-1.206,0,0,1
19030,0.191,0.226,0,0,1
19031,0.307,-1.587,0,0,1
19032,0.387,-0.867,0,0,1
19033,0.355,-1.252,0,0,1
19034,0.429,-1.113,0,0,0
19035,0.221,-1.365,0,0,1
19036,0.474,0.416,0,0,0
19037,0.164,-0.601,0,0,1
19038,0.309,-1.301,0,0,1
19039,0.393,-1.946,0,3,1
19040,0.153,-1.094,0,0,1
19041,0.342,-1.232,0,0,1
19042,0.487,-0.802,0,0,0
19043,0.343,0.19,0,0,1
19044,0.312,-1.675,0,0,1
19045,0.338,-0.849,0,0,1
19046,0.536,-2.2,0,0,0
19047,0.249,-1.62,0,0,1
19048,0.389,-1.83,0,0,1
19049,0.432,-1.627,0,0,0
19050,0.243,-0.579,0,0,1
19051,0.281,-1.086,0,0,1
20001,0.096,0.772,0,0,1
20002,0.271,0.205,0,0,1
20003,0.219,1.078,0,0,1
20004,0.485,0.189,0,0,0
20005,0.041,-0.475,0,0,1
20006,0.072,-0.515,0,0,1
20007,0.308,1.55,0,0,1
20008,0.145,0.618,0,0,1
20009,0.239,0.447,0,0,1
20010,0.182,-0.789,0,0,1
20011,0.062,0.796,0,0,1
20012,0.152,1.485,0,0,1
20013,0.077,-0.352,0,0,1
20014,0.165,-1.16,0,0,1
20015,0.12,2.098,0,0,1
20016,0.017,3.136,0,0,1
20017,0.142,1.182,0,0,1
20018,0.197,0.652,0,0,1
20019,0.04,0.965,0,0,1
20020,0.058,1.473,0,0,1
20021,0.28,-0.165,0,0,1
20022,0.122,-0.168,0,0,1
20023,0.156,-0.472,0,0,1
20024,0.138,1.856,0,0,1
20025,0.132,-0.024,0,0,1
20026,0.057,0.346,0,0,1
20027,0.156,1.491,0,0,1
20028,0.291,0.715,0,0,1
20029,0.089,2.667,0,0,1
20030,0.036,-1.424,0,0,1
20031,0.053,1.407,0,0,1
20032,0.016,0.797,0,0,1
20033,0.112,-0.895,0,0,1
20034,0.089,-0.01,0,0,1
20035,0.057,-1.232,0,0,1
20036,0.225,0.748,0,0,1
20037,0.033,1.168,0,0,1
20039,0.288,-1.005,0,1,1
20040,0.14,2.338,0,0,1
20041,0.043,1.357,0,0,1
20042,0.083,0.237,0,0,1
20043,0.019,-0.592,0,0,1
20044,0.143,-0.37,0,0,1
20045,0.222,-0.744,0,0,1
20046,0.128,0.401,0,0,1
20047,0.122,-0.45,0,0,1
20048,0.013,1.549,0,0,1
20050,0.048,1.444,0,0,1
20051,0.208,1.46,0,0,1
20052,0.334,0.076,0,0,1
20053,0.281,-0.167,0,0,1
20054,0.149,0.105,0,0,1
20055,0.041,0.064,0,0,1
20056,0.01,0.574,0,0,1
20057,0.29,-0.248,0,0,1
20058,0.125,2.073,0,0,1
20059,0.209,0.244,0,0,1
20060,0.104,0.713,0,0,1
20061,0.154,1.213,0,0,1
20062,0.425,-0.267,0,0,0
20063,0.101,-0.828,0,0,1
20064,0.186,0.244,0,0,1
20066,0.033,0.371,0,0,1
20067,0.194,-1.562,0,1,1
20068,0.204,-0.052,0,0,1
20069,0.16,1.076,0,0,1
20070,0.009,0.905,0,0,1
20071,0.248,1.471,0,0,1
20072,0.108,0.991,0,0,1
20073,0.044,-0.066,0,0,1
20074,0.104,0.363,0,0,1
20075,0.053,-0.084,0,0,1
20076,0.063,0.221,0,0,1
20077,0.148,-0.216,0,0,1
20078,0.171,-0.771,0,0,1
20079,0.407,-1.316,0,0,0
20080,0.091,0.934,0,0,1
20081,0.027,0.659,0,0,1
20082,0.037,0.634,0,0,1
20083,0.182,-0.935,0,0,1
20084,0.131,-1.004,0,0,1
20085,0.094,2.248,0,0,1
20086,0.052,0.194,0,0,1
20087,0.375,0.044,0,0,1
20088,0.088,0.953,0,0,1
20089,0.057,0.178,0,0,1
20090,0.098,0.683,0,0,1
20091,0.252,-1.09,0,0,1
20092,0.174,0.075,0,0,1
20093,0.092,-0.176,0,0,1
20094,0.113,0.555,0,0,1
20095,0.175,2.265,0,0,1
20096,0.121,-0.405,0,0,1
20097,0.122,0.34,0,0,1
20098,0.181,1.408,0,0,1
20099,0.111,1.271,0,0,1
20100,0.111,0.904,0,0,1
20101,0.09,1.052,0,0,1
20102,0.049,-0.352,0,0,1
20103,0.094,0.563,0,0,1
20104,0.115,0.98,0,0,1
20105,0.021,0.78,0,0,1
20106,0.14,0.323,0,0,1
20107,0.242,-0.84,0,0,1
20108,0.209,0.837,0,0,1
20109,0.101,-0.35,0,0,1
20110,0.048,1.783,0,0,1
20111,0.027,1.59,0,0,1
20112,0.103,0.512,0,0,1
20113,0.032,0.779,0,0,1
20114,0.063,0.231,0,0,1
20115,0.2,-0.867,0,0,1
20116,0.185,2.04,0,0,1
20117,0.425,1.044,0,0,0
20118,0.199,0.937,0,0,1
20119,0.03,0.487,0,0,1
20120,0.066,0.004,0,0,1
20121,0.115,0.361,0,0,1
20122,0.229,-0.427,0,0,1
20123,0.149,0.922,0,0,1
20124,0.178,1.18,0,0,1
20125,0.198,0.995,0,0,1
20126,0.185,1.377,0,0,1
20127,0.031,1.533,0,0,1
20128,0.056,0.262,0,0,1
20129,0.171,-0.512,0,0,1
20130,0.106,0.953,0,0,1
20131,0.118,1.003,0,0,1
20132,0.236,-0.516,0,0,1
20133,0.06,1.553,0,0,1
20134,0.047,1.511,0,0,1
20135,0.191,0.182,0,0,1
20136,0.524,0.897,0,0,0
20137,0.29,1.398,0,0,1
20138,0.143,-0.243,0,0,1
20139,0.119,2.098,0,0,1
20140,0.028,0.029,0,0,1
20141,0.014,0.495,0,0,1
20142,0.26,1.329,0,0,1
20143,0.11,0.008,0,0,1
20144,0.074,0.449,0,0,1
20145,0.205,-0.283,0,0,1
20146,0.274,1.556,0,0,1
20147,0.036,0.151,0,0,1
20148,0.065,1.438,0,0,1
20149,0.109,0.841,0,0,1
20150,0.099,-0.657,0,0,1
20151,0.217,0.4,0,0,1
20152,0.061,1.62,0,0,1
20153,0.055,0.876,0,0,1
20154,0.181,0.884,0,0,1
20155,0.112,1.466,0,0,1
20156,0.113,0.154,0,0,1
20157,0.131,-1.585,0,0,1
20158,0.313,1.626,0,0,1
20159,0.161,1.374,0,0,1
20160,0.379,0.309,0,0,1
20161,0.194,0.559,0,0,1
20162,0.081,1.17,0,0,1
20163,0.089,1.24,0,0,1
20164,0.053,0.474,0,0,1
20165,0.039,0.582,0,0,1
20166,0.086,0.277,0,0,1
20167,0.081,0.648,0,0,1
20168,0.046,0.632,0,0,1
20169,0.09,2.083,0,0,1
20170,0.062,1.853,0,0,1
20171,0.159,2.833,0,0,1
20172,0.055,-0.162,0,0,1
20173,0.144,0.287,0,0,1
20174,0.163,-0.914,0,0,1
20175,0.142,0.584,0,0,1
20176,0.107,0.801,0,0,1
20177,0.203,0.041,0,0,1
20178,0.208,-0.415,0,0,1
20179,0.154,0.364,0,0,1
20180,0.123,0.303,0,0,1
20181,0.303,0.174,0,0,1
20182,0.172,1.043,0,0,1
20183,0.191,0.545,0,0,1
20184,0.151,-0.715,0,1,1
20185,0.022,0.287,0,0,1
20186,0.199,0.255,0,0,1
20187,0.025,1.675,0,0,1
20188,0.023,1.037,0,0,1
20189,0.142,2.216,0,0,1
20190,0.107,0.885,0,0,1
20191,0.175,-0.251,0,0,1
20192,0.085,-0.617,0,0,1
20193,0.447,-0.044,0,0,0
20194,0.357,0.018,0,0,1
20195,0.162,1.314,0,0,1
20196,0.103,-0.099,0,0,1
20197,0.18,0.604,0,0,1
20198,0.038,1.072,0,0,1
20199,0.385,1.309,0,0,1
20200,0.206,1.341,0,0,1
20201,0.051,0.888,0,0,1
20202,0.134,1.259,0,0,1
20203,0.13,1.705,0,0,1
20204,0.071,-0.181,0,0,1
20205,0.286,1.614,0,0,1
20206,0.305,0.374,0,0,1
20207,0.197,1.475,0,0,1
20208,0.037,1.195,0,0,1
20209,0.262,1.112,0,0,1
20210,0.03,1.052,0,0,1
20211,0.083,1.286,0,0,1
20212,0.207,3.039,0,0,1
20213,0.116,0.894,0,0,1
20214,0.088,1.053,0,0,1
20215,0.114,-0.477,0,0,1
20216,0.026,0.491,0,0,1
20217,0.042,1.696,0,0,1
20218,0.013,0.824,0,0,1
20219,0.201,1.056,0,0,1
20220,0.174,0.918,0,0,1
20221,0.154,0.238,0,0,1
20222,0.093,0.301,0,0,1
20223,0.005,0.15,0,0,1
20224,0.126,-0.253,0,0,1
20225,0.174,1.649,0,0,1
20226,0.23,0.455,0,0,1
20227,0.211,-1.063,0,0,1
20228,0.119,1.949,0,0,1
20229,0.088,1.762,0,0,1
20230,0.077,0.315,0,0,1
20231,0.344,1.541,0,0,1
20232,0.41,1.16,0,0,0
20233,0.204,1.289,0,0,1
20234,0.315,1.984,0,0,1
20235,0.165,1.532,0,0,1
20236,0.446,2.03,0,0,0
20237,0.108,0.048,0,0,1
20238,0.064,0.229,0,0,1
20239,0.098,0.279,0,0,1
20240,0.009,1.937,0,0,1
20241,0.287,0.307,0,0,1
20242,0.079,2.643,0,0,1
20243,0.212,-0.104,0,0,1
20244,0.359,0.467,0,0,1
20245,0.032,0.561,0,0,1
20246,0.056,0.593,0,0,1
20247,0.056,-0.79,0,0,1
20248,0.227,1.822,0,0,1
20249,0.154,0.889,0,0,1
20250,0.113,0.034,0,0,1
20251,0.368,0.959,0,0,1
20252,0.034,1.156,0,0,1
20253,0.339,2.072,0,0,1
20254,0.303,1.252,0,0,1
20255,0.103,1.16,0,0,1
20256,0.333,0.371,0,0,1
20257,0.018,1.011,0,0,1
20258,0.07,0.334,0,0,1
20259,0.406,1.61,0,0,0
20260,0.119,0.59,0,0,1
20261,0.24,0.981,0,0,1
20262,0.109,-0.164,0,0,1
20263,0.222,2.313,0,0,1
20264,0.014,1.538,0,0,1
20265,0.062,1.177,0,0,1
20266,0.387,1.213,0,0,1
20267,0.167,-0.608,0,0,1
20268,0.246,0.479,0,0,1
20269,0.016,0.221,0,0,1
20270,0.055,1.425,0,0,1
20271,0.055,1.999,0,0,1
20272,0.044,1.119,0,0,1
20273,0.17,1.598,0,0,1
20274,0.067,0.813,0,0,1
20275,0.21,1.24,0,0,1
20276,0.164,1.682,0,0,1
20277,0.183,1.499,0,0,1
20278,0.198,0.805,0,0,1
20279,0.193,1.03,0,0,1
20281,0.306,0.187,0,0,1
20282,0.052,0.37,0,0,1
20283,0.163,0.347,0,0,1
20284,0.102,1.509,0,0,1
20285,0.037,1.053,0,0,1
20286,0.184,1.029,0,0,1
20287,0.234,0.222,0,0,1
20288,0.052,0.406,0,0,1
20289,0.37,0.81,0,0,1
20290,0.01,0.366,0,0,1
20291,0.15,0.91,0,0,1
20292,0.111,1.845,0,0,1
20293,0.228,-1.562,0,0,1
20294,0.188,-0.812,0,0,1
20295,0.176,-0.538,0,0,1
20296,0.155,0.155,0,0,1
20297,0.012,1.251,0,0,1
20298,0.326,-0.032,0,0,1
20299,0.033,0.306,0,0,1
20300,0.01,0.921,0,0,1
20301,0.167,0.565,0,0,1
20302,0.046,1.684,0,0,1
20303,0.148,0.161,0,0,1
20304,0.126,0.778,0,0,1
20305,0.04,-0.741,0,0,1
20306,0.148,1.721,0,0,1
20307,0.422,0.376,0,0,0
20308,0.182,0.369,0,0,1
20309,0.251,1.823,0,0,1
20310,0.121,0.208,0,0,1
20311,0.089,1.005,0,0,1
20312,0.031,1.387,0,0,1
20313,0.145,0.879,0,0,1
20314,0.041,0.246,0,0,1
20315,0.212,1.478,0,0,1
20316,0.162,0.454,0,0,1
20317,0.218,0.399,0,0,1
20318,0.11,-0.457,0,0,1
20319,0.136,0.888,0,0,1
20320,0.026,0.43,0,0,1
20321,0.091,0.811,0,0,1
20322,0.087,2.07,0,0,1
20323,0.118,1.024,0,0,1
20324,0.255,0.478,0,0,1
20325,0.173,1.509,0,0,1
20326,0.262,1.573,0,0,1
20327,0.343,0.186,0,0,1
20328,0.349,1.362,0,0,1
20329,0.081,0.601,0,0,1
20330,0.104,0.945,0,0,1
20331,0.207,0.386,0,0,1
20332,0.103,0.094,0,0,1
20333,0.366,-0.047,0,0,1
20335,0.061,1.13,0,0,1
20336,0.227,0.619,0,0,1
20337,0.191,1.76,0,0,1
20338,0.15,-1.085,0,0,1
20339,0.083,-0.255,0,0,1
20340,0.244,0.25,0,0,1
20341,0.12,0.066,0,0,1
20342,0.197,-0.387,0,0,1
20343,0.363,-0.361,0,0,1
20344,0.252,0.968,0,0,1
20345,0.014,0.61,0,0,1
20346,0.073,0.443,0,0,1
20347,0.07,0.995,0,0,1
20348,0.108,0.823,0,0,1
20350,0.229,-1.873,0,0,1
20351,0.255,1.184,0,0,1
20352,0.05,2.013,0,0,1
20353,0.271,1.183,0,0,1
20354,0.165,1.997,0,0,1
20355,0.205,1.317,0,0,1
20356,0.3,0.399,0,0,1
20357,0.08,0.209,0,0,1
20358,0.139,0.502,0,0,1
20359,0.117,-0.1,0,0,1
20360,0.067,0.847,0,0,1
20361,0.293,0.966,0,0,1
20362,0.458,0.241,0,0,0
20363,0.094,0.061,0,0,1
20364,0.182,0.839,0,0,1
20365,0.068,0.27,0,0,1
20366,0.118,1.441,0,0,1
20367,0.088,1.637,0,0,1
20368,0.269,0.469,0,0,1
20369,0.139,-0.354,0,0,1
20370,0.107,-0.194,0,0,1
20371,0.099,0.54,0,0,1
20372,0.029,1.248,0,0,1
20373,0.098,0.584,0,0,1
20374,0.024,1.751,0,0,1
20375,0.212,-1.345,0,0,1
20376,0.011,0.121,0,0,1
20377,0.039,1.462,0,0,1
20378,0.126,0.616,0,0,1
20379,0.058,0.96,0,0,1
20380,0.181,0.118,0,0,1
20381,0.054,-0.197,0,0,1
20382,0.022,1.179,0,0,1
20383,0.106,0.305,0,0,1
20384,0.101,1.326,0,0,1
20385,0.177,-1.07,0,0,1
20386,0.191,2.884,0,0,1
20387,0.243,0.205,0,0,1
20388,0.203,1.74,0,0,1
20389,0.123,1.222,0,0,1
20390,0.169,-1.373,0,0,1
20391,0.054,2.707,0,0,1
20392,0.06,1.88,0,0,1
20393,0.214,1.138,0,0,1
20394,0.156,0.424,0,0,1
20395,0.039,1.778,0,0,1
20396,0.311,2.354,0,0,1
20397,0.043,-0.311,0,0,1
20398,0.273,0.509,0,0,1
20399,0.2,-0.444,0,0,1
20400,0.058,0.083,0,0,1
20401,0.196,0.121,0,0,1
20402,0.078,0.296,0,0,1
20403,0.213,-0.546,0,0,1
20404,0.146,0.381,0,0,1
20405,0.1,0.182,0,0,1
20406,0.081,2.366,0,0,1
20407,0.165,1.767,0,0,1
20408,0.071,0.256,0,0,1
20409,0.181,-1.717,0,0,1
20410,0.234,0.258,0,0,1
20411,0.056,-0.336,0,0,1
20412,0.31,1.188,0,0,1
20413,0.298,-0.599,0,0,1
20414,0.026,0.807,0,0,1
20415,0.107,0.611,0,0,1
20416,0.099,1.029,0,0,1
20417,0.091,0.65,0,0,1
20418,0.286,-0.313,0,0,1
20419,0.211,-0.418,0,0,1
20420,0.108,1.072,0,0,1
20421,0.236,-0.005,0,0,1
20422,0.079,0.363,0,0,1
20423,0.104,1.026,0,0,1
20424,0.209,1.507,0,0,1
20425,0.064,1.234,0,0,1
20426,0.053,2.227,0,0,1
20427,0.118,-0.014,0,0,1
20428,0.296,1.185,0,0,1
20429,0.262,1.154,0,0,1
20430,0.073,0.543,0,0,1
20431,0.098,-0.11,0,0,1
20432,0.062,0.282,0,0,1
20433,0.07,2.095,0,0,1
20434,0.082,1.623,0,0,1
20435,0.145,1.555,0,0,1
20436,0.014,1.095,0,0,1
20437,0.133,1.405,0,0,1
20438,0.455,1.572,0,0,0
20439,0.224,1.252,0,0,1
20440,0.248,0.501,0,0,1
20441,0.205,0.461,0,0,1
20442,0.216,-0.062,0,0,1
20443,0.22,-0.4,0,0,1
20444,0.148,0.955,0,0,1
20445,0.017,0.736,0,0,1
20446,0.081,0.552,0,0,1
20447,0.032,0.69,0,0,1
20448,0.227,1.509,0,0,1
20449,0.207,0.771,0,0,1
20450,0.085,2.894,0,0,1
20451,0.067,1.407,0,0,1
20452,0.266,0.868,0,0,1
20453,0.38,0.264,0,0,1
20454,0.138,1.428,0,0,1
20455,0.433,0.831,0,0,0
20456,0.315,0.492,0,0,1
20457,0.056,1.599,0,0,1
20458,0.165,0.071,0,0,1
20459,0.072,-0.116,0,0,1
20460,0.112,1.79,0,0,1
20461,0.061,0.766,0,0,1
20462,0.202,-0.24,0,0,1
20463,0.114,0.194,0,0,1
20464,0.127,0.467,0,0,1
20465,0.122,1.014,0,0,1
20466,0.016,2.189,0,0,1
20467,0.03,0.367,0,0,1
20468,0.193,1.348,0,0,1
20469,0.096,0.969,0,0,1
20470,0.365,0.88,0,0,1
20471,0.069,0.241,0,0,1
20472,0.093,-0.206,0,0,1
20473,0.085,0.427,0,0,1
20474,0.007,0.258,0,0,1
20475,0.166,0.928,0,0,1
20476,0.127,-0.061,0,0,1
20477,0.312,1.682,0,0,1
20478,0.206,0.562,0,0,1
20479,0.048,0.089,0,0,1
20480,0.095,1.019,0,0,1
20481,0.112,0.62,0,0,1
20482,0.053,0.221,0,0,1
20483,0.103,-0.488,0,0,1
20484,0.186,0.612,0,0,1
20485,0.083,1.496,0,0,1
20486,0.076,0.024,0,0,1
20487,0.141,0.155,0,0,1
20488,0.07,0.336,0,0,1
20489,0.172,1.088,0,0,1
20490,0.07,1.639,0,0,1
20491,0.094,0.598,0,0,1
20492,0.284,1.211,0,0,1
20493,0.079,-0.49,0,0,1
20494,0.135,1.779,0,0,1
20495,0.218,2.016,0,0,1
20496,0.151,-0.477,0,0,1
20497,0.075,1.825,0,0,1
20498,0.159,1.078,0,0,1
20499,0.134,-0.528,0,0,1
20500,0.093,0.911,0,0,1
20501,0.048,0.361,0,0,1
20502,0.157,1.489,0,0,1
20503,0.075,0.432,0,0,1
20504,0.201,0.024,0,0,1
20505,0.1,-0.455,0,0,1
20506,0.067,0.448,0,0,1
20507,0.069,1.151,0,0,1
20508,0.017,-0.391,0,0,1
20509,0.068,2.007,0,0,1
20511,0.069,1.3,0,0,1
20512,0.149,1.339,0,0,1
20513,0.012,0.251,0,0,1
20514,0.016,1.944,0,0,1
20515,0.388,-0.422,0,0,1
20516,0.209,1.201,0,0,1
20517,0.101,2.274,0,0,1
20518,0.049,-0.366,0,0,1
20519,0.301,-0.217,0,0,1
20520,0.044,0.175,0,0,1
20521,0.159,1.009,0,0,1
20522,0.096,0.592,0,0,1
20523,0.138,-0.229,0,0,1
20524,0.035,-0.034,0,0,1
20525,0.064,-0.095,0,0,1
20526,0.048,1.217,0,0,1
20527,0.145,1.429,0,0,1
20528,0.081,0.707,0,0,1
20529,0.026,1.813,0,0,1
20530,0.115,0.833,0,0,1
20531,0.104,-0.213,0,0,1
20532,0.068,1.031,0,0,1
20533,0.186,0.481,0,0,1
20534,0.101,1.454,0,0,1
20535,0.148,0.954,0,0,1
20536,0.331,0.056,0,0,1
20537,0.062,0.397,0,0,1
20538,0.332,0.765,0,0,1
20539,0.084,-0.783,0,0,1
20540,0.053,-0.777,0,0,1
20541,0.071,-0.046,0,0,1
20542,0.295,0.253,0,0,1
20543,0.062,1.343,0,0,1
20544,0.164,-0.064,0,0,1
20545,0.141,-0.612,0,0,1
20546,0.306,0.318,0,0,1
20547,0.083,0.115,0,0,1
20548,0.141,0.827,0,0,1
20549,0.202,0.612,0,0,1
20550,0.187,0.187,0,0,1
20551,0.229,-0.575,0,0,1
20552,0.26,-0.127,0,0,1
20553,0.296,-0.598,0,0,1
20554,0.176,1.06,0,0,1
20555,0.052,0.375,0,0,1
20556,0.092,0.077,0,0,1
20557,0.049,-0.83,0,0,1
20558,0.197,0.087,0,0,1
20559,0.147,0.386,0,0,1
20560,0.205,0.493,0,0,1
20561,0.226,0.681,0,0,1
20562,0.129,-0.022,0,0,1
20563,0.107,1.996,0,0,1
20564,0.089,0.701,0,0,1
20565,0.078,-0.041,0,0,1
20567,0.31,1.256,0,0,1
20568,0.064,0.3,0,0,1
20569,0.051,0.631,0,0,1
20570,0.177,-0.177,0,0,1
21001,0.277,-0.226,1,0,1
21002,0.25,0.698,1,0,1
21003,0.194,-0.418,1,0,1
21004,0.159,-0.257,1,0,1
21005,0.177,1.568,1,0,1
21006,0.263,1.352,1,0,1
21007,0.404,0.916,1,0,0
21008,0.089,-0.249,1,0,1
21009,0.172,0.282,1,0,1
21010,0.265,0.865,1,0,1
21011,0.369,-0.215,1,0,1
21012,0.327,0.104,1,0,1
21013,0.234,-0.283,1,0,1
21014,0.117,1.163,1,0,1
21015,0.3,-0.884,1,0,1
21016,0.194,0.457,1,0,1
21017,0.184,0.341,1,0,1
21018,0.291,0.316,1,0,1
21019,0.422,-0.786,1,1,0
21020,0.186,-0.071,1,0,1
21021,0.086,-0.157,1,0,1
21022,0.244,0.385,1,0,1
21023,0.273,0.749,1,0,1
21024,0.471,0.327,1,0,0
21025,0.282,0.659,1,0,1
21026,0.206,0.197,1,0,1
21027,0.51,0.815,1,0,0
21028,0.459,1.501,1,0,0
21029,0.081,0.516,1,0,1
21030,0.259,0.741,1,0,1
21031,0.183,0.592,1,0,1
21032,0.225,0.387,1,0,1
21033,0.355,0.24,1,0,1
21034,0.226,-0.288,1,0,1
21035,0.224,0.048,1,0,1
21036,0.301,2.015,1,0,1
21037,0.207,0.051,1,0,1
21038,0.168,-0.231,1,0,1
21039,0.106,0.969,1,0,1
21040,0.208,0.361,1,0,1
21041,0.21,-1.398,1,0,1
21042,0.148,0.606,1,0,1
21043,0.221,0.959,1,0,1
21044,0.306,-0.001,1,0,1
21045,0.232,-0.317,1,0,1
21046,0.374,0.046,1,0,1
21047,0.166,-0.321,1,0,1
21048,0.224,-0.434,1,0,1
21049,0.291,1.596,1,0,1
21050,0.223,1.458,1,0,1
21051,0.168,-0.45,1,0,1
21052,0.339,0.567,1,0,1
21053,0.193,-0.021,1,0,1
21054,0.235,0.302,1,0,1
21055,0.103,0.416,1,0,1
21056,0.272,0.208,1,0,1
21057,0.388,0.644,1,0,1
21058,0.242,1.253,1,0,1
21059,0.302,0.197,1,0,1
21060,0.061,-0.363,1,0,1
21061,0.218,2.409,1,0,1
21062,0.355,0.048,1,0,1
21063,0.237,-0.321,1,0,1
21064,0.236,0.539,1,0,1
21065,0.239,0.14,1,0,1
21066,0.263,0.507,1,0,1
21067,0.304,-0.07,1,0,1
21068,0.249,1.391,1,0,1
21069,0.342,0.483,1,0,1
21070,0.301,0.868,1,0,1
21071,0.23,-0.392,1,0,1
21072,0.312,1.777,1,0,1
21073,0.298,0.079,1,0,1
21074,0.262,-0.815,1,1,1
21075,0.091,0.381,1,0,1
21076,0.316,0.671,1,0,1
21077,0.299,1.873,1,0,1
21078,0.412,1.682,1,0,0
21079,0.304,-0.314,1,0,1
21080,0.106,1.27,1,0,1
21081,0.231,0.782,1,0,1
21082,0.105,-0.3,1,0,1
21083,0.192,0.624,1,0,1
21084,0.199,1.406,1,0,1
21085,0.129,-0.602,1,0,1
21086,0.158,0.886,1,0,1
21087,0.174,0.424,1,0,1
21088,0.305,0.935,1,0,1
21089,0.49,0.989,1,0,0
21090,0.217,-0.255,1,0,1
21091,0.131,-1.077,1,0,1
21092,0.188,0.754,1,0,1
21093,0.337,0.408,1,0,1
21094,0.199,-0.34,1,0,1
21095,0.387,0.047,1,0,1
21096,0.289,-0.27,1,0,1
21097,0.16,-0.346,1,0,1
21098,0.187,0.587,1,0,1
21099,0.19,0.489,1,0,1
21100,0.285,0.801,1,0,1
21101,0.198,0.407,1,0,1
21102,0.269,-0.453,1,0,1
21103,0.226,0.47,1,0,1
21104,0.168,-0.279,1,0,1
21105,0.197,0.224,1,0,1
21106,0.202,0.712,1,0,1
21107,0.54,1.763,1,0,0
21108,0.185,-0.542,1,0,1
21109,0.096,0.768,1,0,1
21110,0.3,0.369,1,0,1
21111,0.276,1.035,1,0,1
21112,0.213,0.358,1,0,1
21113,0.095,0.212,1,0,1
21114,0.278,-1.717,1,3,1
21115,0.186,0.223,1,0,1
21116,0.287,1.326,1,0,1
21117,0.238,-0.895,1,0,1
21118,0.153,-0.318,1,0,1
21119,0.358,-1.019,1,0,1
21120,0.136,1.332,1,0,1
21121,0.204,1.036,1,0,1
21122,0.231,-0.627,1,0,1
21123,0.2,1.539,1,0,1
21124,0.226,0.284,1,0,1
21125,0.352,-0.43,1,0,1
21126,0.175,0.238,1,0,1
21127,0.103,0.416,1,0,1
21128,0.158,0.029,1,0,1
21129,0.315,0.253,1,0,1
21130,0.219,0.041,1,0,1
21131,0.376,-0.172,1,0,1
21132,0.224,-1.24,1,1,1
21133,0.099,-0.229,1,0,1
21134,0.434,-0.631,1,0,0
21135,0.215,0.464,1,0,1
21136,0.227,-1.342,1,0,1
21137,0.258,0.209,1,0,1
21138,0.069,-0.016,1,0,1
21139,0.041,0.211,1,0,1
21140,0.278,-1.139,1,0,1
21141,0.433,0.15,1,0,0
21142,0.123,-0.265,1,0,1
21143,0.27,-0.65,1,0,1
21144,0.118,-0.404,1,0,1
21145,0.499,2.085,1,0,0
21146,0.382,0.561,1,0,1
21147,0.318,0.898,1,0,1
21148,0.221,0.661,1,0,1
21149,0.279,0.049,1,0,1
21150,0.434,0.811,1,0,0
21151,0.246,-0.148,1,0,1
21152,0.318,-0.056,1,0,1
21153,0.308,-0.333,1,0,1
21154,0.296,-0.473,1,0,1
21155,0.41,0.324,1,0,0
21156,0.315,-1.033,1,1,1
21157,0.204,0.453,1,0,1
21158,0.39,0.881,1,0,1
21159,0.283,1.231,1,0,1
21160,0.13,0.205,1,0,1
21161,0.246,-0.031,1,1,1
21162,0.202,1.447,1,0,1
21163,0.296,-0.66,1,0,1
21164,0.237,-0.534,1,0,1
21165,0.086,1.079,1,0,1
21166,0.263,0.14,1,0,1
21167,0.188,1.55,1,0,1
21168,0.348,0.954,1,0,1
21169,0.178,0.327,1,0,1
21170,0.24,0.245,1,0,1
21171,0.274,-0.296,1,0,1
21172,0.166,0.722,1,0,1
21173,0.16,-0.787,1,0,1
21174,0.399,-0.957,1,0,1
21175,0.272,-0.085,1,0,1
21176,0.178,-0.116,1,0,1
21177,0.232,0.356,1,0,1
21178,0.378,1.018,1,0,1
21179,0.267,0.16,1,0,1
21180,0.287,-0.258,1,0,1
21181,0.189,-0.616,1,0,1
21182,0.145,-0.113,1,0,1
21183,0.427,1.199,1,1,0
21184,0.464,0.92,1,0,0
21185,0.359,0.25,1,0,1
21186,0.218,0.014,1,0,1
21187,0.288,0.773,1,0,1
21188,0.241,0.455,1,0,1
21189,0.191,-0.095,1,0,1
21190,0.571,0.175,1,0,0
21191,0.12,0.324,1,0,1
21192,0.218,0.469,1,0,1
21193,0.437,0.664,1,0,0
21194,0.211,-0.079,1,0,1
21195,0.533,1.604,1,0,0
21196,0.342,0.072,1,0,1
21197,0.271,-0.129,1,0,1
21198,0.239,0.761,1,0,1
21199,0.404,0.391,1,0,0
21200,0.043,0.52,1,0,1
21201,0.407,0.364,1,0,0
21202,0.092,1.181,1,0,1
21203,0.183,0.686,1,0,1
21204,0.056,-0.081,1,0,1
21205,0.353,-0.078,1,0,1
21206,0.479,0.708,1,0,0
21207,0.124,0.201,1,0,1
21208,0.229,-0.243,1,1,1
21209,0.222,0.548,1,0,1
21210,0.057,0.304,1,0,1
21211,0.143,-0.901,1,0,1
21212,0.065,0.786,1,0,1
21213,0.236,0.971,1,0,1
21214,0.369,-0.016,1,0,1
21215,0.253,0.379,1,0,1
21216,0.34,1.19,1,0,1
21217,0.254,1.976,1,0,1
22001,0.484,0.55,0,0,0
22002,0.517,1.101,0,0,0
22003,0.422,0.218,0,0,0
22004,0.519,0.126,0,0,0
22005,0.36,-0.096,0,0,1
22006,0.365,-1.695,0,0,1
22007,0.417,-0.575,0,0,0
22008,0.317,-0.006,0,0,1
22009,0.466,-0.044,0,0,0
22010,0.37,0.497,0,0,1
22011,0.343,-0.506,0,1,1
22012,0.347,-0.717,0,0,1
22013,0.325,0.383,0,0,1
22014,0.385,-1.821,0,3,1
22015,0.359,0.834,0,0,1
22016,0.348,-1.338,0,2,1
22017,0.428,-0.816,0,0,0
22018,0.354,0.183,0,0,1
23001,0.441,-1.48,0,1,0
23002,0.115,0.373,0,0,1
23003,0.352,-1.168,0,0,1
23004,0.183,-0.977,0,0,1
23005,0.221,-1.602,0,2,1
23006,0.192,0.312,0,0,1
23007,0.293,-0.022,0,0,1
23008,0.208,-1.282,0,0,1
24001,0.331,0.555,0,0,1
24002,0.485,0.828,0,0,0
24003,0.382,1.651,0,1,1
24004,0.466,0.356,0,0,0
24005,0.384,-0.756,0,0,1
24006,0.321,0.443,0,0,1
24007,0.314,-0.586,0,0,1
24008,0.349,-0.822,0,0,1
24009,0.419,-0.566,0,0,0
24010,0.373,0.06,0,0,1
24011,0.556,-0.61,0,0,0
24012,0.416,1.032,0,0,0
24013,0.353,-0.932,0,1,1
24014,0.297,0.751,0,0,1
24015,0.419,-0.316,0,0,0
24016,0.306,-0.529,0,0,1
24017,0.183,0.86,0,0,1
24018,0.344,0.895,0,0,1
24019,0.307,0.633,0,0,1
24020,0.376,-1.228,0,0,1
24021,0.371,0.109,0,0,1
24022,0.455,0.394,0,0,0
24023,0.237,0.084,0,0,1
24024,0.563,-0.521,0,0,0
24025,0.318,-0.21,0,0,1
24026,0.462,1.341,0,0,0
24027,0.48,-0.141,0,0,0
24028,0.407,-1.823,0,2,0
24029,0.43,0.959,0,0,0
24030,0.379,0.384,0,0,1
24031,0.115,2.166,0,0,1
24032,0.553,0.256,0,0,0
24033,0.313,0.258,0,0,1
24034,0.337,0.25,0,0,1
24035,0.3,-1.668,0,0,1
24036,0.227,0.585,0,0,1
24037,0.321,0.539,0,1,1
24038,0.268,0.651,0,0,1
24039,0.311,0.966,0,0,1
24040,0.299,-0.254,0,0,1
24041,0.17,1.072,0,0,1
24042,0.388,-0.071,0,0,1
24043,0.413,0.562,0,0,0
24044,0.462,0.444,0,0,0
24045,0.304,0.141,0,0,1
24046,0.237,0.255,0,0,1
24047,0.185,0.572,0,0,1
24048,0.407,-0.719,0,0,0
24049,0.21,0.246,0,0,1
24050,0.338,0.029,0,0,1
24051,0.309,-0.011,0,0,1
24052,0.492,0.11,0,0,0
24053,0.288,0.34,0,0,1
24054,0.383,0.742,0,0,1
24055,0.233,0.084,0,0,1
24056,17,0.045,0,0,0
24057,0.311,0.97,0,0,1
24058,0.359,-0.536,0,0,1
25001,0.291,-1.356,1,0,1
25002,0.233,-0.81,1,0,1
25003,0.136,1.525,1,0,1
25004,0.303,-0.438,1,0,1
25005,0.281,0.202,1,0,1
25006,0.33,-1.437,1,2,1
25007,0.559,0.623,1,0,0
25008,0.298,-0.25,1,0,1
25009,0.343,-0.839,1,1,1
25010,0.501,-0.444,1,0,0
25011,0.432,-0.839,1,0,0
25012,0.276,-1.638,1,1,1
25013,0.351,-0.109,1,0,1
25014,0.235,-0.669,1,0,1
25015,0.294,-1.381,1,0,1
25016,0.352,-0.1,1,0,1
25017,0.381,0.239,1,0,1
25018,0.359,-0.652,1,0,1
26001,0.402,-0.982,1,0,0
26002,0.331,-1.652,1,1,1
26003,0.507,0.148,1,0,0
26004,0.514,-1.283,1,0,0
26005,0.488,-0.747,1,0,0
26006,0.491,-0.889,1,0,0
26007,0.542,-1.348,1,0,0
26008,0.361,-0.843,1,0,1
26009,0.495,-0.629,1,0,0
26010,0.495,-0.584,1,0,0
26011,0.197,-1.167,1,0,1
26012,0.318,-0.712,1,0,1
26013,0.461,-1.014,1,0,0
26014,0.48,-1.052,1,0,0
26015,0.42,-1.158,1,0,0
26016,0.462,-1.614,1,0,0
26017,0.445,-1.365,1,0,0
26018,0.402,-1.617,1,1,0
26019,0.38,-2.01,1,0,1
26020,0.431,-0.878,1,0,0
26021,0.285,-0.783,1,0,1
26022,0.448,-0.491,1,0,0
26023,0.437,-1.336,1,0,0
26024,0.539,-1.007,1,0,0
26025,0.386,-1.437,1,0,1
26026,0.329,-0.423,1,0,1
26027,0.264,-1.625,1,0,1
26028,0.501,-1.315,1,0,0
26029,0.379,-1.431,1,0,1
26030,0.416,-1.781,1,2,0
26031,0.379,-0.934,1,0,1
26032,0.383,-1.171,1,0,1
26033,0.38,-0.676,1,0,1
26034,0.473,-1.187,1,0,0
26035,0.425,-1.292,1,0,0
26036,0.432,-1.723,1,0,0
26037,0.388,-1.295,1,0,1
26038,0.465,-1.444,1,0,0
26039,0.437,-1.795,1,0,0
26040,0.429,-0.831,1,0,0
26041,0.281,-1.804,1,0,1
26042,0.465,-1.096,1,0,0
26043,0.485,-1.699,1,1,0
26044,0.268,-0.514,1,0,1
26045,0.387,-0.662,1,0,1
26046,0.309,-1.224,1,0,1
26047,0.413,-1.357,1,0,0
26048,0.462,-1.631,1,0,0
26049,0.268,0.627,1,0,1
26050,0.479,-0.882,1,0,0
26051,0.338,-0.122,1,0,1
26052,0.517,-0.847,1,0,0
26053,0.492,-1.297,1,0,0
26054,0.45,-0.903,1,0,0
26055,0.444,-1.57,1,0,0
26056,0.462,0.143,1,0,0
26057,0.479,-0.787,1,0,0
26058,0.527,-1.598,1,0,0
26059,0.305,-0.988,1,0,1
26060,0.482,-0.792,1,0,0
26061,0.498,-0.723,1,0,0
26062,0.451,-0.815,1,0,0
26063,0.193,-1.173,1,0,1
26064,0.521,-0.841,1,0,0
26065,0.489,-0.865,1,0,0
26066,0.472,-1.126,1,0,0
26067,0.497,-1.162,1,0,0
26068,0.379,-0.915,1,0,1
26069,0.449,-0.262,1,0,0
26070,0.522,-1.293,1,0,0
26071,0.266,-0.821,1,0,1
26072,0.252,-0.555,1,0,1
27001,0.295,-0.249,0,0,1
27002,0.075,-0.544,0,1,1
27003,0.125,-0.195,0,0,1
27004,0.108,-1.491,0,1,1
27005,0.031,-0.568,0,0,1
27006,0.051,-0.379,0,0,1
27007,0.343,-0.932,0,0,1
27008,0.056,0.038,0,0,1
27009,0.084,-0.566,0,0,1
27010,0.027,-0.628,0,0,1
27011,0.017,0.036,0,0,1
27012,0.075,-0.484,0,0,1
27013,0.042,-0.754,0,0,1
27014,0.039,-0.967,0,0,1
27015,0.112,-0.142,0,0,1
27016,0.081,-0.568,0,0,1
27017,0.076,-0.551,0,0,1
28001,0.223,-0.792,0,0,1
28002,0.236,-0.547,0,1,1
28003,0.306,-1.251,0,0,1
28004,0.334,-0.214,0,0,1
28005,0.219,-0.158,0,0,1
28006,0.112,0.692,0,0,1
28007,0.203,-1.233,0,0,1
28008,0.16,0.297,0,0,1
28009,0.305,-1.924,0,0,1
28010,0.19,-0.193,0,0,1
28011,0.45,-0.174,0,0,0
28012,0.381,-0.54,0,0,1
28013,0.289,-0.28,0,0,1
28014,0.169,-1.074,0,0,1
28015,0.336,-1.303,0,0,1
28016,0.272,-0.462,0,0,1
28017,0.087,-0.174,0,0,1
28018,0.187,-0.944,0,0,1
28019,0.336,-0.096,0,0,1
28020,0.239,-0.092,0,0,1
28021,0.355,-1.223,0,1,1
28022,0.348,-1.553,0,1,1
28023,0.346,-0.217,0,0,1
28024,0.258,-1.601,0,0,1
28025,0.212,-1.524,0,0,1
28026,0.205,0.241,0,0,1
28027,0.319,-1.633,0,1,1
28028,0.355,-0.165,0,0,1
28029,0.281,-0.177,0,0,1
28030,0.182,-0.747,0,0,1
28031,0.112,-0.169,0,0,1
28032,0.326,-1.572,0,1,1
28033,0.339,-1.215,0,0,1
28034,0.164,0.048,0,0,1
28035,0.285,-0.697,0,0,1
28036,0.076,0.532,0,0,1
28037,0.283,-0.31,0,0,1
28038,0.378,-1.857,0,3,1
28039,0.16,-0.029,0,0,1
28040,0.369,-1.26,0,1,1
28041,0.208,-1.642,0,1,1
28042,0.136,-0.176,0,0,1
28043,0.317,-0.739,0,0,1
29001,0.377,-1.428,0,0,1
29002,0.404,-1.243,0,0,0
29003,0.317,-0.203,0,0,1
29004,0.341,0.082,0,0,1
29005,0.282,-1.605,0,1,1
29006,0.431,-1.02,0,0,0
29007,0.55,-0.373,0,0,0
29008,0.368,-0.454,0,0,1
29009,0.469,-0.557,0,0,0
29010,0.376,-1.263,0,0,1
29011,0.513,-0.602,0,0,0
29012,0.373,-0.096,0,0,1
29013,0.391,-0.781,0,0,1
29014,0.419,-0.355,0,0,0
29015,0.46,-0.817,0,0,0
29016,0.425,-0.892,0,0,0
29017,0.361,-0.757,0,0,1
29018,0.349,-0.738,0,0,1
29019,0.407,-0.924,0,0,0
29020,0.531,-0.403,0,0,0
29021,0.428,-0.86,0,0,0
29022,0.419,-0.7,0,0,0
29023,0.368,-0.586,0,0,1
29024,0.337,-1.104,0,0,1
29025,0.413,-0.784,0,0,0
29026,0.44,-0.728,0,0,0
29027,0.342,-0.951,0,0,1
29028,0.36,-0.889,0,0,1
29029,0.483,-0.917,0,0,0
29030,0.418,0.038,0,0,0
29031,0.447,-0.899,0,0,0
29032,0.333,-0.828,0,0,1
29033,0.381,-1.727,0,1,1
29034,0.361,-0.377,0,0,1
29035,0.451,-0.908,0,0,0
29036,0.359,-1.407,0,0,1
29037,0.42,-0.079,0,0,0
29038,0.37,-0.954,0,0,1
29039,0.386,-0.734,0,0,1
29040,0.291,-0.481,0,0,1
29041,0.286,-1.236,0,0,1
29042,0.31,-1.461,0,0,1
29043,0.308,-1.183,0,0,1
29044,0.314,-1.267,0,0,1
29045,0.503,-0.902,0,0,0
29046,0.47,0.059,0,0,0
29047,0.499,-0.309,0,0,0
29048,0.357,-0.926,0,0,1
29049,0.262,-1.039,0,0,1
29050,0.397,-0.825,0,0,1
29051,0.206,-0.938,0,0,1
29052,0.33,-0.255,0,0,1
29053,0.294,-1.131,0,0,1
29054,0.334,-0.983,0,0,1
29055,0.336,-0.376,0,0,1
29056,0.543,-1.157,0,0,0
29057,0.372,-0.624,0,0,1
29058,0.351,-1.103,0,0,1
29059,0.402,-0.595,0,0,0
29060,0.375,-0.525,0,0,1
30001,0.211,0.498,0,0,1
30002,0.424,-0.254,0,0,0
30003,0.314,-0.438,0,0,1
30004,0.337,-0.348,0,0,1
30005,0.415,0.487,0,0,0
30006,0.267,0.54,0,0,1
30007,0.158,0.074,0,0,1
30008,0.301,1.165,0,0,1
30009,0.395,-0.059,0,0,1
30010,0.173,0.554,0,0,1
30011,0.251,-0.692,0,0,1
30012,0.416,0.076,0,0,0
30013,0.356,-0.973,0,1,1
30014,0.355,-0.28,0,0,1
30015,0.406,-0.101,0,0,0
30016,0.221,-1.169,0,0,1
30017,0.199,-0.295,0,0,1
30018,0.289,1.555,0,0,1
30019,0.453,1.411,0,0,0
30020,0.334,1.97,0,0,1
30021,0.225,-0.55,0,0,1
30022,0.261,0.355,0,0,1
30023,0.497,0.99,0,0,0
30024,0.232,0.696,0,0,1
30025,0.329,1.248,0,0,1
30026,0.256,-1.248,0,0,1
30027,0.411,1.159,0,0,0
30028,0.438,-1.731,0,2,0
30029,0.191,1.506,0,0,1
30030,0.165,-1.042,0,0,1
30031,0.091,0.829,0,0,1
30032,0.368,-0.124,0,0,1
30033,0.404,0.439,0,0,0
30034,0.241,-1.226,0,1,1
30035,0.485,0.623,0,0,0
30036,0.249,-0.019,0,0,1
30037,0.449,1.221,0,0,0
30038,0.261,-1.008,0,0,1
30039,0.428,-1.434,0,1,0
30040,0.356,-0.832,0,0,1
30041,0.289,1.032,0,0,1
30042,0.474,0.73,0,0,0
30043,0.217,1.008,0,0,1
30044,0.317,-1.182,0,1,1
30045,0.247,-0.785,0,0,1
30046,0.188,0.412,0,0,1
30047,0.203,0.749,0,0,1
30048,0.285,-0.78,0,1,1
30049,0.234,0.177,0,0,1
30050,0.426,1.618,0,0,0
30051,0.445,0.838,0,0,0
30052,0.298,-0.145,0,0,1
30053,0.269,-0.544,0,0,1
30054,0.472,-0.155,0,0,0
30055,0.403,0.533,0,0,0
30056,0.42,1.235,0,0,0
30057,0.363,1.163,0,0,1
30058,0.403,0.621,0,0,0
30059,0.331,-0.378,0,0,1
30060,0.416,0.441,0,0,0
30061,0.373,0.524,0,1,1
30062,0.269,0.247,0,0,1
30063,0.383,0.56,0,1,1
30064,0.412,1.221,0,0,0
30065,0.3,-0.681,0,0,1
30066,0.364,0.771,0,0,1
30067,0.405,1.693,0,0,0
30068,0.322,-1.078,0,0,1
30069,0.273,-0.283,0,0,1
30070,0.49,0.709,0,0,0
30071,0.339,-0.248,0,1,1
30072,0.209,0.704,0,0,1
30073,0.282,0.259,0,0,1
30074,0.257,-0.543,0,0,1
30075,0.316,0.527,0,0,1
30076,0.4,2.008,0,0,0
30077,0.398,-0.232,0,0,1
30078,0.398,0.668,0,0,1
30079,0.385,0.798,0,0,1
30080,0.268,0.564,0,0,1
30081,0.206,0.123,0,0,1
30082,0.242,-0.367,0,0,1
30083,0.14,1.124,0,0,1
30084,0.433,0.366,0,0,0
30085,0.358,-0.674,0,0,1
30086,0.29,0.367,0,0,1
30087,0.245,-1.646,0,1,1
30088,0.229,0.333,0,0,1
30089,0.486,-0.622,0,0,0
30090,0.284,-0.028,0,0,1
30091,0.307,0.374,0,0,1
30092,0.232,-0.303,0,0,1
30093,0.271,-0.2,0,0,1
30094,0.382,-0.107,0,0,1
30095,0.438,0.612,0,0,0
30096,0.463,-0.086,0,0,0
30097,0.465,-1.205,0,0,0
30098,0.244,1.02,0,0,1
30099,0.157,-0.036,0,0,1
30100,0.246,-0.159,0,0,1
30101,0.111,-0.417,0,0,1
30102,0.405,-0.616,0,0,0
30103,0.384,1.924,0,0,1
30104,0.362,1.205,0,0,1
30105,0.311,-0.443,0,0,1
30106,0.214,0.123,0,0,1
30107,0.224,1.168,0,0,1
30108,0.266,-0.847,0,0,1
30109,0.508,-0.101,0,0,0
30110,0.534,2.927,0,0,0
30111,0.157,-0.215,0,0,1
30112,0.402,-0.451,0,0,0
30113,0.277,0.55,0,0,1
30114,0.465,0.148,0,0,0
30115,0.195,-0.943,0,0,1
30116,0.413,-0.385,0,0,0
30117,0.418,0.181,0,0,0
30118,0.191,-1.727,0,1,1
30119,0.237,-0.28,0,0,1
30120,0.348,0.146,0,0,1
30121,0.48,0.527,0,0,0
30122,0.395,0.85,0,0,1
30123,0.505,-0.551,0,1,0
30124,0.264,0.204,0,1,1
30125,0.067,-0.148,0,0,1
30126,0.211,-0.479,0,0,1
30127,0.144,1.505,0,0,1
30128,0.188,-0.542,0,0,1
30129,0.453,0.298,0,0,0
30130,0.367,0.351,0,0,1
30131,0.341,-1.396,0,2,1
30132,0.195,-0.116,0,0,1
30133,0.385,-0.95,0,0,1
30134,0.227,-0.629,0,0,1
30135,0.354,0.15,0,0,1
30136,0.158,-0.341,0,0,1
30137,0.438,1.685,0,0,0
30138,0.178,-1.56,0,0,1
30139,0.485,0.075,0,0,0
30140,0.42,1.087,0,0,0
30141,0.387,0.093,0,0,1
30142,0.404,0.305,0,0,0
30143,0.215,0.349,0,0,1
30144,0.334,0.236,0,0,1
30145,0.426,-0.302,0,0,0
30146,0.452,0.459,0,0,0
30147,0.124,1.771,0,0,1
30148,0.168,-0.19,0,0,1
30149,0.409,1.65,0,0,0
30150,0.349,0.338,0,0,1
30151,0.391,0.519,0,0,1
30152,0.385,0.38,0,0,1
30153,0.193,0.474,0,0,1
30154,0.518,0.735,0,0,0
30155,0.524,1.177,0,1,0
30156,0.308,0.947,0,0,1
30157,0.413,0.507,0,0,0
30158,0.228,0.393,0,0,1
30159,0.243,2.805,0,0,1
30160,0.512,0.267,0,1,0
30161,0.413,0.445,0,0,0
30162,0.11,1.019,0,0,1
30163,0.436,0.842,0,0,0
30164,0.212,-0.543,0,0,1
30165,0.398,1.26,0,0,1
30166,0.492,0.365,0,0,0
30167,0.303,0.356,0,0,1
30168,0.442,1.676,0,0,0
30169,0.434,0.164,0,0,0
30170,0.152,1.915,0,0,1
30171,0.43,1.184,0,0,0
30172,0.356,0.323,0,0,1
30173,0.376,0.941,0,1,1
30174,0.326,-0.409,0,1,1
30175,0.419,0.233,0,1,0
30176,0.554,0.039,0,0,0
30177,0.265,0.953,0,0,1
30178,0.397,-0.207,0,0,1
30179,0.248,0.504,0,0,1
30180,0.357,1.391,0,0,1
30181,0.33,0.167,0,0,1
30182,0.186,-0.172,0,0,1
30183,0.409,-0.267,0,0,0
30184,0.444,1.393,0,0,0
30185,0.493,0.364,0,0,0
30186,0.317,-0.271,0,0,1
30187,0.411,0.608,0,0,0
30188,0.29,0.523,0,0,1
30189,0.424,-0.884,0,1,0
30190,0.468,-0.07,0,0,0
30191,0.27,-1.211,0,0,1
30192,0.403,-0.427,0,0,0
30193,0.397,-1.612,0,3,1
30194,0.145,0.249,0,0,1
30195,0.415,1.498,0,0,0
30196,0.242,-0.388,0,0,1
30197,0.456,0.648,0,0,0
30198,0.16,1.491,0,0,1
30199,0.096,0.167,0,0,1
30200,0.261,0.274,0,0,1
30201,0.477,1.333,0,0,0
30202,0.437,1.85,0,0,0
30203,0.573,1.973,0,0,0
30204,0.233,-0.896,0,0,1
30205,0.32,-0.529,0,0,1
30206,0.14,-1.554,0,0,1
30207,0.288,-0.227,0,0,1
30208,0.309,-0.855,0,0,1
30209,0.206,0.747,0,0,1
30210,0.398,0.738,0,0,1
31001,0.481,0.373,0,0,0
31002,0.254,-0.185,0,0,1
31003,0.333,-0.041,0,0,1
31004,0.329,-0.086,0,0,1
31005,0.462,0.197,0,0,0
31006,0.41,0.08,0,0,0
31007,0.298,-0.37,0,0,1
31008,0.296,0.525,0,0,1
31009,0.341,-0.042,0,0,1
31010,0.43,1.329,0,0,0
31011,0.265,-0.347,0,0,1
31012,0.5,0.197,0,0,0
31013,0.346,-0.591,0,0,1
31014,0.333,0.598,0,0,1
31015,0.364,0.48,0,0,1
31016,0.438,0.733,0,0,0
31017,0.315,1.173,0,0,1
31018,0.419,0.508,0,0,0
31019,0.473,1.416,0,0,0
31020,0.328,-0.206,0,0,1
31021,0.52,1.041,0,0,0
31022,0.417,0.679,0,0,0
31023,0.321,-0.082,0,0,1
31024,0.386,0.532,0,0,1
31025,0.483,0.24,0,0,0
31026,0.422,-0.002,0,0,0
31027,0.248,-0.798,0,0,1
31028,0.238,-0.413,0,0,1
31029,0.345,-0.337,0,0,1
31030,0.408,0.417,0,0,0
31031,0.444,0.423,0,0,0
31032,0.355,0.466,0,0,1
31033,0.286,0.466,0,0,1
31034,0.412,0.33,0,0,0
31035,0.421,0.394,0,0,0
31036,0.343,0.094,0,0,1
31037,0.327,0.343,0,0,1
31038,0.412,-0.043,0,0,0
31039,0.289,0.178,0,0,1
31040,0.264,-0.262,0,0,1
31041,0.295,-0.68,0,0,1
31042,0.402,0.439,0,0,0
31043,0.374,0.958,0,0,1
31044,0.3,0.096,0,0,1
31045,0.197,0.299,0,0,1
31046,0.404,0.395,0,0,0
31047,0.364,0.566,0,0,1
31048,0.218,0.26,0,0,1
31049,0.476,1.474,0,0,0
31050,0.362,-1.529,0,3,1
31051,0.303,-0.139,0,0,1
31052,0.364,-0.318,0,0,1
31053,0.323,-0.443,0,0,1
31054,0.388,0.22,0,0,1
31055,0.384,0.55,0,0,1
31056,0.298,0.051,0,0,1
31057,0.41,-0.101,0,0,0
31058,0.456,0.118,0,0,0
31059,0.198,-1.176,0,0,1
31060,0.257,0.255,0,0,1
31061,0.345,-0.344,0,0,1
31062,0.344,-0.059,0,0,1
31063,0.294,0.215,0,0,1
31064,0.315,0.415,0,0,1
31065,0.464,-0.434,0,0,0
31066,0.37,0.468,0,0,1
31067,0.22,-0.08,0,0,1
31068,0.368,-0.066,0,0,1
31069,0.247,0.142,0,0,1
31070,0.351,0.032,0,0,1
31071,0.467,0.308,0,0,0
31072,0.141,-0.037,0,0,1
31073,0.402,1.699,0,0,0
31074,0.399,-0.069,0,0,1
31075,0.488,0.349,0,0,0
31076,0.345,0.36,0,0,1
31077,0.507,0.4,0,0,0
31078,0.399,-0.128,0,0,1
31079,0.378,-0.037,0,0,1
31080,0.514,0.25,0,0,0
31081,0.348,0.71,0,0,1
31082,0.367,-0.353,0,0,1
31083,0.263,-0.327,0,0,1
31084,0.385,-0.037,0,0,1
31085,0.247,0.802,0,0,1
31086,0.082,0.624,0,0,1
31087,0.382,0.831,0,0,1
31088,0.219,0.291,0,0,1
31089,0.315,-0.529,0,1,1
31090,0.407,0.933,0,0,0
31091,0.267,0.274,0,0,1
31092,0.318,0.964,0,0,1
31093,0.27,-0.559,0,0,1
31094,0.128,0.627,0,0,1
31095,0.347,-0.451,0,0,1
31096,0.482,-0.052,0,0,0
31097,0.394,0.303,0,0,1
31098,0.197,0.25,0,0,1
31099,0.481,0.614,0,0,0
31100,0.257,0.284,0,0,1
31101,0.32,-0.66,0,0,1
31102,0.252,-0.166,0,0,1
31103,0.349,0.538,0,0,1
31104,0.362,1.257,0,0,1
31105,0.285,-0.308,0,0,1
31106,0.193,-0.204,0,0,1
32001,0.242,-0.475,0,0,1
32002,0.309,-0.009,0,0,1
32003,0.332,-0.292,0,0,1
32004,0.386,-0.55,0,0,1
32005,0.217,-1.187,0,0,1
32006,0.089,-1.053,0,0,1
32007,0.107,-0.918,0,0,1
32008,0.129,-0.614,0,0,1
32009,0.236,-0.532,0,0,1
32010,0.088,-1.012,0,1,1
32011,0.236,-0.707,0,0,1
32012,0.429,-0.068,0,0,0
32013,0.201,-0.743,0,0,1
32014,0.21,-0.396,0,0,1
32015,0.143,0.014,0,0,1
32016,0.203,-0.23,0,0,1
32017,0.211,-1.677,0,0,1
32018,0.291,-0.43,0,0,1
32019,0.444,-0.914,0,0,0
32020,0.218,-1.228,0,1,1
32021,0.147,0.509,0,0,1
32022,0.27,-0.999,0,0,1
32023,0.206,-1.091,0,0,1
32024,0.141,-0.797,0,0,1
32025,0.223,-0.799,0,0,1
32026,0.045,0.155,0,0,1
32027,0.059,0.123,0,0,1
32028,0.152,-0.071,0,0,1
32029,0.146,-0.865,0,0,1
32030,0.451,-0.582,0,0,0
32031,0.21,-0.492,0,0,1
32032,0.165,-1.211,0,0,1
32033,0.31,-0.506,0,0,1
32034,0.255,-0.825,0,0,1
32035,0.136,-0.237,0,0,1
32036,0.212,-0.669,0,0,1
32037,0.146,-0.206,0,0,1
32038,0.108,0.08,0,0,1
32039,0.158,-0.944,0,0,1
32040,0.146,-0.154,0,0,1
32041,0.063,0.063,0,0,1
32042,0.177,-0.693,0,0,1
32043,0.2,-0.355,0,0,1
32044,0.281,-0.566,0,0,1
32045,0.169,-0.618,0,0,1
32046,0.139,-0.433,0,0,1
32047,0.155,-0.664,0,0,1
32048,0.313,-0.951,0,0,1
32049,0.247,-0.265,0,0,1
32050,0.091,-0.598,0,0,1
32051,0.126,-0.233,0,0,1
32052,0.18,-0.658,0,0,1
32053,0.225,-0.621,0,0,1
32054,0.143,-0.155,0,0,1
32055,0.251,-0.697,0,0,1
32056,0.196,-1.821,0,2,1
32057,0.133,-0.794,0,0,1